[
    {
        "component_name": "",
        "root_vs": "653c63ba4a73ca8b",
        "draw_vb": "14c9337a",
        "position_vb": "0107925f",
        "blend_vb": "3d534190",
        "texcoord_vb": "0c7e5f66",
        "ib": "347bb8f8",
        "object_indexes": [
            0,
            11565,
            58209
        ],
        "object_classifications": [
            "Head",
            "Body",
            "Dress"
        ],
        "texture_hashes": [
            [
                [
                    "Diffuse",
                    ".dds",
                    "b017ea8d"
                ],
                [
                    "LightMap",
                    ".dds",
                    "6922f755"
                ],
                [
                    "ShadowRamp",
                    ".jpg",
                    "7eb5b84e"
                ]
            ],
            [
                [
                    "Diffuse",
                    ".dds",
                    "2991152b"
                ],
                [
                    "LightMap",
                    ".dds",
                    "9e7eb1bf"
                ],
                [
                    "MetalMap",
                    ".dds",
                    "b0e08915"
                ],
                [
                    "ShadowRamp",
                    ".jpg",
                    "7eb5b84e"
                ]
            ],
            [
                [
                    "Diffuse",
                    ".dds",
                    "2991152b"
                ],
                [
                    "LightMap",
                    ".dds",
                    "9e7eb1bf"
                ],
                [
                    "ShadowRamp",
                    ".jpg",
                    "7eb5b84e"
                ]
            ]
        ],
        "first_vs": "b4ce2fa5c51c259e"
    },
    {
        "component_name": "Face",
        "draw_vb": "",
        "position_vb": "",
        "blend_vb": "",
        "texcoord_vb": "",
        "ib": "",
        "object_indexes": [
            0
        ],
        "object_classifications": [
            "Head"
        ],
        "texture_hashes": [
            [
                [
                    "Diffuse",
                    ".dds",
                    "146097c4"
                ],
                [
                    "LightMap",
                    ".dds",
                    "4e3376db"
                ],
                [
                    "Shadow",
                    ".dds",
                    "3f396398"
                ],
                [
                    "ShadowRamp",
                    ".jpg",
                    "7eb5b84e"
                ]
            ]
        ],
        "first_vs": "cbe73ac3f69130d6"
    }
]